<metadata><idinfo><citation><citeinfo><pubdate>20120509</pubdate><title>Census Tracts (2010)</title><geoform>vector digital data</geoform></citeinfo></citation><descript><abstract>The U.S. Census Bureau's year 2010 census tract boundaries and data for the City and County of Denver. The original census tract boundaries have been adjusted to various Denver GIS data layers to increase the spatial accuracy of this data. Although every effort was made to ensure the accurate rectification of the data, due to geographic problems inherent in the original 2010 TIGER Shapefiles, errors may exist. This data-set includes the housing and population data from redistricting file P.L. 94-171 of the 2010 census. The data-set does not contain data for any enclaves administered by other jurisdictions that are located within the City and County of Denver's boundary.</abstract><purpose>This data set should be used for planning and analysis of activities that are within the City and County of Denver.</purpose></descript><status><update>None planned</update></status><spdom><bounding><westbc>-105.109967</westbc><eastbc>-104.599538</eastbc><northbc>39.914209</northbc><southbc>39.614311</southbc></bounding></spdom><keywords><theme><themekt>None</themekt><themekey>census</themekey><themekey>demographics</themekey></theme><theme><themekt>ISO 19115 Topic Categories</themekt><themekey>society</themekey></theme><place><placekt>None</placekt><placekey>Denver</placekey><placekey>Denver County</placekey><placekey>Colorado</placekey><placekey>USA</placekey></place></keywords><accconst>None</accconst><useconst>ACCESS CONSTRAINTS:

This data set is provided as read-only. Contact the GIS Data Administrator for more information on distribution requirements/restrictions.   

USE CONSTRAINTS:

The City and County of Denver is not responsible and shall not be liable to the user for damages of any kind arising out of the use of data or information provided by the City and County of Denver, including the installation of the data or information, its use, or the results obtained from its use.
 
ANY DATA OR INFORMATION PROVIDED BY THE City and County of Denver IS PROVIDED "AS IS" WITHOUT WARRANTY OF ANY KIND, EITHER EXPRESSED OR IMPLIED, INCLUDING, BUT NOT LIMITED TO, THE IMPLIED WARRANTIES OF MERCHANTABILITY AND FITNESS FOR A PARTICULAR PURPOSE.  Data or information provided by the City and County of Denver shall be used and relied upon only at the user's sole risk, and the user agrees to indemnify and hold harmless the City and County of Denver, its officials, officers and employees from any liability arising out of the use of the data/information provided.
 
NOT FOR ENGINEERING PURPOSES
</useconst><datacred>US Census Bureau; City and County of Denver, Technology Services / GIS Data </datacred><secinfo><secsys>AVAILABLE</secsys><secclass>Unclassified</secclass></secinfo><native>Microsoft Windows Server 2003 R2 Version 5.2 (Build 3790) Service Pack 2; ESRI ArcGIS 10.0.5.4400</native></idinfo><dataqual/><spdoinfo><direct>Vector</direct><ptvctinf><esriterm><efeatyp Sync="TRUE">Simple</efeatyp><efeageom code="4" Sync="TRUE"></efeageom><esritopo Sync="TRUE">FALSE</esritopo><efeacnt Sync="TRUE">0</efeacnt><spindex Sync="TRUE">FALSE</spindex><linrefer Sync="TRUE">FALSE</linrefer></esriterm></ptvctinf></spdoinfo><spref><horizsys><geograph><latres>8.9831528411952133e-009</latres><longres>8.9831528411952133e-009</longres><geogunit>Decimal Degrees</geogunit></geograph><geodetic><horizdn>D WGS 1984</horizdn><ellips>WGS 1984</ellips><semiaxis>6378137.0</semiaxis><denflat>298.257223563</denflat></geodetic></horizsys></spref><eainfo><detailed Name="census_tracts_2010"><enttyp><enttypl>POP_CENSUS2010TRACT_A</enttypl><enttypt Sync="TRUE">Feature Class</enttypt><enttypc Sync="TRUE">0</enttypc></enttyp><attr><attrlabl Sync="TRUE">FID</attrlabl><attalias Sync="TRUE">FID</attalias><attrtype Sync="TRUE">OID</attrtype><attwidth Sync="TRUE">4</attwidth><atprecis Sync="TRUE">0</atprecis><attscale Sync="TRUE">0</attscale><attrdef Sync="TRUE">Internal feature number.</attrdef><attrdefs Sync="TRUE">ESRI</attrdefs><attrdomv><udom Sync="TRUE">Sequential unique whole numbers that are automatically generated.</udom></attrdomv></attr><attr><attrlabl>Shape</attrlabl><attrdef>Feature geometry.</attrdef><attrdefs>ESRI</attrdefs><attrdomv><udom>Coordinates defining the features.</udom></attrdomv><attalias Sync="TRUE">Shape</attalias><attrtype Sync="TRUE">Geometry</attrtype><attwidth Sync="TRUE">0</attwidth><atprecis Sync="TRUE">0</atprecis><attscale Sync="TRUE">0</attscale></attr><attr><attrlabl>GEOID_Num</attrlabl><attrdef>Unique Geographic Identifier (number)</attrdef><attrdefs>DenverGIS</attrdefs><attalias Sync="TRUE">GEOID_NUM</attalias><attrtype Sync="TRUE">Double</attrtype><attwidth Sync="TRUE">19</attwidth><atprecis Sync="TRUE">0</atprecis><attscale Sync="TRUE">0</attscale></attr><attr><attrlabl Sync="TRUE">GEOID_TRAC</attrlabl><attalias Sync="TRUE">GEOID_TRAC</attalias><attrtype Sync="TRUE">String</attrtype><attwidth Sync="TRUE">254</attwidth><atprecis Sync="TRUE">0</atprecis><attscale Sync="TRUE">0</attscale></attr><attr><attrlabl>White_2010</attrlabl><attrdef>Non-Hispanic White Population</attrdef><attrdefs>US Census Table P5</attrdefs><attalias Sync="TRUE">WHITE_2010</attalias><attrtype Sync="TRUE">Double</attrtype><attwidth Sync="TRUE">19</attwidth><atprecis Sync="TRUE">0</atprecis><attscale Sync="TRUE">0</attscale></attr><attr><attrlabl Sync="TRUE">POPULATION</attrlabl><attalias Sync="TRUE">POPULATION</attalias><attrtype Sync="TRUE">Double</attrtype><attwidth Sync="TRUE">19</attwidth><atprecis Sync="TRUE">0</atprecis><attscale Sync="TRUE">0</attscale></attr><attr><attrlabl Sync="TRUE">HISPANIC_2</attrlabl><attalias Sync="TRUE">HISPANIC_2</attalias><attrtype Sync="TRUE">Double</attrtype><attwidth Sync="TRUE">19</attwidth><atprecis Sync="TRUE">0</atprecis><attscale Sync="TRUE">0</attscale></attr><attr><attrlabl>Black_2010</attrlabl><attrdef>Non-Hispanic Black Population</attrdef><attrdefs>US Census Table P5</attrdefs><attalias Sync="TRUE">BLACK_2010</attalias><attrtype Sync="TRUE">Double</attrtype><attwidth Sync="TRUE">19</attwidth><atprecis Sync="TRUE">0</atprecis><attscale Sync="TRUE">0</attscale></attr><attr><attrlabl>Asian_2010</attrlabl><attrdef>Non-Hispanic Asian Population</attrdef><attrdefs>US Census Table P5</attrdefs><attalias Sync="TRUE">ASIAN_2010</attalias><attrtype Sync="TRUE">Double</attrtype><attwidth Sync="TRUE">19</attwidth><atprecis Sync="TRUE">0</atprecis><attscale Sync="TRUE">0</attscale></attr><attr><attrlabl Sync="TRUE">NATIVE_AM_</attrlabl><attalias Sync="TRUE">NATIVE_AM_</attalias><attrtype Sync="TRUE">Double</attrtype><attwidth Sync="TRUE">19</attwidth><atprecis Sync="TRUE">0</atprecis><attscale Sync="TRUE">0</attscale></attr><attr><attrlabl>Other_2010</attrlabl><attrdef>Non Hispanic Population of any other race</attrdef><attrdefs>US Census Table P5</attrdefs><attalias Sync="TRUE">OTHER_2010</attalias><attrtype Sync="TRUE">Double</attrtype><attwidth Sync="TRUE">19</attwidth><atprecis Sync="TRUE">0</atprecis><attscale Sync="TRUE">0</attscale></attr><attr><attrlabl Sync="TRUE">HAWPACIS_2</attrlabl><attalias Sync="TRUE">HAWPACIS_2</attalias><attrtype Sync="TRUE">Double</attrtype><attwidth Sync="TRUE">19</attwidth><atprecis Sync="TRUE">0</atprecis><attscale Sync="TRUE">0</attscale></attr><attr><attrlabl>Pct_White</attrlabl><attrdef>Percent of Non-Hispanic White</attrdef><attrdefs>DenverGIS, derived from US Census Table P5</attrdefs><attalias Sync="TRUE">PCT_WHITE</attalias><attrtype Sync="TRUE">Double</attrtype><attwidth Sync="TRUE">19</attwidth><atprecis Sync="TRUE">0</atprecis><attscale Sync="TRUE">0</attscale></attr><attr><attrlabl Sync="TRUE">TWO_OR_MOR</attrlabl><attalias Sync="TRUE">TWO_OR_MOR</attalias><attrtype Sync="TRUE">Double</attrtype><attwidth Sync="TRUE">19</attwidth><atprecis Sync="TRUE">0</atprecis><attscale Sync="TRUE">0</attscale></attr><attr><attrlabl Sync="TRUE">PCT_HISPAN</attrlabl><attalias Sync="TRUE">PCT_HISPAN</attalias><attrtype Sync="TRUE">Double</attrtype><attwidth Sync="TRUE">19</attwidth><atprecis Sync="TRUE">0</atprecis><attscale Sync="TRUE">0</attscale></attr><attr><attrlabl>Pct_Black</attrlabl><attrdef>Percent of Non-Hispanic Black</attrdef><attrdefs>DenverGIS, derived from US Census Table P5</attrdefs><attalias Sync="TRUE">PCT_BLACK</attalias><attrtype Sync="TRUE">Double</attrtype><attwidth Sync="TRUE">19</attwidth><atprecis Sync="TRUE">0</atprecis><attscale Sync="TRUE">0</attscale></attr><attr><attrlabl>Pct_Asian</attrlabl><attrdef>Percentage of Non-Hispanic Asian</attrdef><attrdefs>DenverGIS, derived from US Census Table P5</attrdefs><attalias Sync="TRUE">PCT_ASIAN</attalias><attrtype Sync="TRUE">Double</attrtype><attwidth Sync="TRUE">19</attwidth><atprecis Sync="TRUE">0</atprecis><attscale Sync="TRUE">0</attscale></attr><attr><attrlabl Sync="TRUE">PCT_AMERIN</attrlabl><attalias Sync="TRUE">PCT_AMERIN</attalias><attrtype Sync="TRUE">Double</attrtype><attwidth Sync="TRUE">19</attwidth><atprecis Sync="TRUE">0</atprecis><attscale Sync="TRUE">0</attscale></attr><attr><attrlabl>Male</attrlabl><attrdef>Total Male Population</attrdef><attrdefs>US Census Table P12</attrdefs><attalias Sync="TRUE">MALE</attalias><attrtype Sync="TRUE">Double</attrtype><attwidth Sync="TRUE">19</attwidth><atprecis Sync="TRUE">0</atprecis><attscale Sync="TRUE">0</attscale></attr><attr><attrlabl Sync="TRUE">PCT_HAW_PA</attrlabl><attalias Sync="TRUE">PCT_HAW_PA</attalias><attrtype Sync="TRUE">Double</attrtype><attwidth Sync="TRUE">19</attwidth><atprecis Sync="TRUE">0</atprecis><attscale Sync="TRUE">0</attscale></attr><attr><attrlabl Sync="TRUE">PCT_OTHER_</attrlabl><attalias Sync="TRUE">PCT_OTHER_</attalias><attrtype Sync="TRUE">Double</attrtype><attwidth Sync="TRUE">19</attwidth><atprecis Sync="TRUE">0</atprecis><attscale Sync="TRUE">0</attscale></attr><attr><attrlabl Sync="TRUE">PCT_TWO_OR</attrlabl><attalias Sync="TRUE">PCT_TWO_OR</attalias><attrtype Sync="TRUE">Double</attrtype><attwidth Sync="TRUE">19</attwidth><atprecis Sync="TRUE">0</atprecis><attscale Sync="TRUE">0</attscale></attr><attr><attrlabl Sync="TRUE">HOUSINGUNI</attrlabl><attalias Sync="TRUE">HOUSINGUNI</attalias><attrtype Sync="TRUE">Double</attrtype><attwidth Sync="TRUE">19</attwidth><atprecis Sync="TRUE">0</atprecis><attscale Sync="TRUE">0</attscale></attr><attr><attrlabl Sync="TRUE">OCCUPIEDUN</attrlabl><attalias Sync="TRUE">OCCUPIEDUN</attalias><attrtype Sync="TRUE">Double</attrtype><attwidth Sync="TRUE">19</attwidth><atprecis Sync="TRUE">0</atprecis><attscale Sync="TRUE">0</attscale></attr><attr><attrlabl Sync="TRUE">VACANTUNIT</attrlabl><attalias Sync="TRUE">VACANTUNIT</attalias><attrtype Sync="TRUE">Double</attrtype><attwidth Sync="TRUE">19</attwidth><atprecis Sync="TRUE">0</atprecis><attscale Sync="TRUE">0</attscale></attr><attr><attrlabl>Female</attrlabl><attrdef>Total Female Population</attrdef><attrdefs>US Census Table P12</attrdefs><attalias Sync="TRUE">FEMALE</attalias><attrtype Sync="TRUE">Double</attrtype><attwidth Sync="TRUE">19</attwidth><atprecis Sync="TRUE">0</atprecis><attscale Sync="TRUE">0</attscale></attr><attr><attrlabl>Age_Less_5</attrlabl><attrdef>Population less than 5</attrdef><attrdefs>US Census Table P12</attrdefs><attalias Sync="TRUE">AGE_LESS_5</attalias><attrtype Sync="TRUE">Double</attrtype><attwidth Sync="TRUE">19</attwidth><atprecis Sync="TRUE">0</atprecis><attscale Sync="TRUE">0</attscale></attr><attr><attrlabl>Age_5_to_9</attrlabl><attrdef>Population from 5 to 9</attrdef><attrdefs>US Census Table P12</attrdefs><attalias Sync="TRUE">AGE_5_TO_9</attalias><attrtype Sync="TRUE">Double</attrtype><attwidth Sync="TRUE">19</attwidth><atprecis Sync="TRUE">0</atprecis><attscale Sync="TRUE">0</attscale></attr><attr><attrlabl>Age_20</attrlabl><attrdef>Population 20 Years Old</attrdef><attrdefs>US Census Table P12</attrdefs><attalias Sync="TRUE">AGE_20</attalias><attrtype Sync="TRUE">Double</attrtype><attwidth Sync="TRUE">19</attwidth><atprecis Sync="TRUE">0</atprecis><attscale Sync="TRUE">0</attscale></attr><attr><attrlabl Sync="TRUE">AGE_10_TO_</attrlabl><attalias Sync="TRUE">AGE_10_TO_</attalias><attrtype Sync="TRUE">Double</attrtype><attwidth Sync="TRUE">19</attwidth><atprecis Sync="TRUE">0</atprecis><attscale Sync="TRUE">0</attscale></attr><attr><attrlabl Sync="TRUE">AGE_15_TO_</attrlabl><attalias Sync="TRUE">AGE_15_TO_</attalias><attrtype Sync="TRUE">Double</attrtype><attwidth Sync="TRUE">19</attwidth><atprecis Sync="TRUE">0</atprecis><attscale Sync="TRUE">0</attscale></attr><attr><attrlabl Sync="TRUE">AGE_18_AND</attrlabl><attalias Sync="TRUE">AGE_18_AND</attalias><attrtype Sync="TRUE">Double</attrtype><attwidth Sync="TRUE">19</attwidth><atprecis Sync="TRUE">0</atprecis><attscale Sync="TRUE">0</attscale></attr><attr><attrlabl>Age_21</attrlabl><attrdef>Population 21 Years Old</attrdef><attrdefs>US Census Table P12</attrdefs><attalias Sync="TRUE">AGE_21</attalias><attrtype Sync="TRUE">Double</attrtype><attwidth Sync="TRUE">19</attwidth><atprecis Sync="TRUE">0</atprecis><attscale Sync="TRUE">0</attscale></attr><attr><attrlabl>Age_0_to_9</attrlabl><attrdef>Population 0 to 9 years old</attrdef><attrdefs>DenverGIS derived from US Census Table P12</attrdefs><attalias Sync="TRUE">AGE_0_TO_9</attalias><attrtype Sync="TRUE">Double</attrtype><attwidth Sync="TRUE">19</attwidth><atprecis Sync="TRUE">0</atprecis><attscale Sync="TRUE">0</attscale></attr><attr><attrlabl Sync="TRUE">AGE_22_TO_</attrlabl><attalias Sync="TRUE">AGE_22_TO_</attalias><attrtype Sync="TRUE">Double</attrtype><attwidth Sync="TRUE">19</attwidth><atprecis Sync="TRUE">0</atprecis><attscale Sync="TRUE">0</attscale></attr><attr><attrlabl Sync="TRUE">AGE_25_TO_</attrlabl><attalias Sync="TRUE">AGE_25_TO_</attalias><attrtype Sync="TRUE">Double</attrtype><attwidth Sync="TRUE">19</attwidth><atprecis Sync="TRUE">0</atprecis><attscale Sync="TRUE">0</attscale></attr><attr><attrlabl Sync="TRUE">AGE_30_TO_</attrlabl><attalias Sync="TRUE">AGE_30_TO_</attalias><attrtype Sync="TRUE">Double</attrtype><attwidth Sync="TRUE">19</attwidth><atprecis Sync="TRUE">0</atprecis><attscale Sync="TRUE">0</attscale></attr><attr><attrlabl Sync="TRUE">AGE_35_TO_</attrlabl><attalias Sync="TRUE">AGE_35_TO_</attalias><attrtype Sync="TRUE">Double</attrtype><attwidth Sync="TRUE">19</attwidth><atprecis Sync="TRUE">0</atprecis><attscale Sync="TRUE">0</attscale></attr><attr><attrlabl Sync="TRUE">AGE_40_TO_</attrlabl><attalias Sync="TRUE">AGE_40_TO_</attalias><attrtype Sync="TRUE">Double</attrtype><attwidth Sync="TRUE">19</attwidth><atprecis Sync="TRUE">0</atprecis><attscale Sync="TRUE">0</attscale></attr><attr><attrlabl Sync="TRUE">AGE_45_TO_</attrlabl><attalias Sync="TRUE">AGE_45_TO_</attalias><attrtype Sync="TRUE">Double</attrtype><attwidth Sync="TRUE">19</attwidth><atprecis Sync="TRUE">0</atprecis><attscale Sync="TRUE">0</attscale></attr><attr><attrlabl Sync="TRUE">AGE_50_TO_</attrlabl><attalias Sync="TRUE">AGE_50_TO_</attalias><attrtype Sync="TRUE">Double</attrtype><attwidth Sync="TRUE">19</attwidth><atprecis Sync="TRUE">0</atprecis><attscale Sync="TRUE">0</attscale></attr><attr><attrlabl Sync="TRUE">AGE_55_TO_</attrlabl><attalias Sync="TRUE">AGE_55_TO_</attalias><attrtype Sync="TRUE">Double</attrtype><attwidth Sync="TRUE">19</attwidth><atprecis Sync="TRUE">0</atprecis><attscale Sync="TRUE">0</attscale></attr><attr><attrlabl Sync="TRUE">AGE_60_AND</attrlabl><attalias Sync="TRUE">AGE_60_AND</attalias><attrtype Sync="TRUE">Double</attrtype><attwidth Sync="TRUE">19</attwidth><atprecis Sync="TRUE">0</atprecis><attscale Sync="TRUE">0</attscale></attr><attr><attrlabl Sync="TRUE">AGE_62_TO_</attrlabl><attalias Sync="TRUE">AGE_62_TO_</attalias><attrtype Sync="TRUE">Double</attrtype><attwidth Sync="TRUE">19</attwidth><atprecis Sync="TRUE">0</atprecis><attscale Sync="TRUE">0</attscale></attr><attr><attrlabl Sync="TRUE">AGE_65_AND</attrlabl><attalias Sync="TRUE">AGE_65_AND</attalias><attrtype Sync="TRUE">Double</attrtype><attwidth Sync="TRUE">19</attwidth><atprecis Sync="TRUE">0</atprecis><attscale Sync="TRUE">0</attscale></attr><attr><attrlabl Sync="TRUE">AGE_67_TO_</attrlabl><attalias Sync="TRUE">AGE_67_TO_</attalias><attrtype Sync="TRUE">Double</attrtype><attwidth Sync="TRUE">19</attwidth><atprecis Sync="TRUE">0</atprecis><attscale Sync="TRUE">0</attscale></attr><attr><attrlabl Sync="TRUE">AGE_70_TO_</attrlabl><attalias Sync="TRUE">AGE_70_TO_</attalias><attrtype Sync="TRUE">Double</attrtype><attwidth Sync="TRUE">19</attwidth><atprecis Sync="TRUE">0</atprecis><attscale Sync="TRUE">0</attscale></attr><attr><attrlabl Sync="TRUE">AGE_75_TO_</attrlabl><attalias Sync="TRUE">AGE_75_TO_</attalias><attrtype Sync="TRUE">Double</attrtype><attwidth Sync="TRUE">19</attwidth><atprecis Sync="TRUE">0</atprecis><attscale Sync="TRUE">0</attscale></attr><attr><attrlabl Sync="TRUE">AGE_80_TO_</attrlabl><attalias Sync="TRUE">AGE_80_TO_</attalias><attrtype Sync="TRUE">Double</attrtype><attwidth Sync="TRUE">19</attwidth><atprecis Sync="TRUE">0</atprecis><attscale Sync="TRUE">0</attscale></attr><attr><attrlabl Sync="TRUE">AGE_85_PLU</attrlabl><attalias Sync="TRUE">AGE_85_PLU</attalias><attrtype Sync="TRUE">Double</attrtype><attwidth Sync="TRUE">19</attwidth><atprecis Sync="TRUE">0</atprecis><attscale Sync="TRUE">0</attscale></attr><attr><attrlabl>Med_Age</attrlabl><attrdef>Median Age of Population</attrdef><attrdefs>US Census Table P13</attrdefs><attalias Sync="TRUE">MED_AGE</attalias><attrtype Sync="TRUE">Double</attrtype><attwidth Sync="TRUE">19</attwidth><atprecis Sync="TRUE">0</atprecis><attscale Sync="TRUE">0</attscale></attr><attr><attrlabl Sync="TRUE">AGE_10_TO1</attrlabl><attalias Sync="TRUE">AGE_10_TO1</attalias><attrtype Sync="TRUE">Double</attrtype><attwidth Sync="TRUE">19</attwidth><atprecis Sync="TRUE">0</atprecis><attscale Sync="TRUE">0</attscale></attr><attr><attrlabl Sync="TRUE">AGE_20_TO_</attrlabl><attalias Sync="TRUE">AGE_20_TO_</attalias><attrtype Sync="TRUE">Double</attrtype><attwidth Sync="TRUE">19</attwidth><atprecis Sync="TRUE">0</atprecis><attscale Sync="TRUE">0</attscale></attr><attr><attrlabl Sync="TRUE">AGE_30_TO1</attrlabl><attalias Sync="TRUE">AGE_30_TO1</attalias><attrtype Sync="TRUE">Double</attrtype><attwidth Sync="TRUE">19</attwidth><atprecis Sync="TRUE">0</atprecis><attscale Sync="TRUE">0</attscale></attr><attr><attrlabl Sync="TRUE">AGE_40_TO1</attrlabl><attalias Sync="TRUE">AGE_40_TO1</attalias><attrtype Sync="TRUE">Double</attrtype><attwidth Sync="TRUE">19</attwidth><atprecis Sync="TRUE">0</atprecis><attscale Sync="TRUE">0</attscale></attr><attr><attrlabl Sync="TRUE">AGE_50_TO1</attrlabl><attalias Sync="TRUE">AGE_50_TO1</attalias><attrtype Sync="TRUE">Double</attrtype><attwidth Sync="TRUE">19</attwidth><atprecis Sync="TRUE">0</atprecis><attscale Sync="TRUE">0</attscale></attr><attr><attrlabl Sync="TRUE">AGE_60_TO_</attrlabl><attalias Sync="TRUE">AGE_60_TO_</attalias><attrtype Sync="TRUE">Double</attrtype><attwidth Sync="TRUE">19</attwidth><atprecis Sync="TRUE">0</atprecis><attscale Sync="TRUE">0</attscale></attr><attr><attrlabl Sync="TRUE">AGE_70_TO1</attrlabl><attalias Sync="TRUE">AGE_70_TO1</attalias><attrtype Sync="TRUE">Double</attrtype><attwidth Sync="TRUE">19</attwidth><atprecis Sync="TRUE">0</atprecis><attscale Sync="TRUE">0</attscale></attr><attr><attrlabl Sync="TRUE">AGE_80_PLU</attrlabl><attalias Sync="TRUE">AGE_80_PLU</attalias><attrtype Sync="TRUE">Double</attrtype><attwidth Sync="TRUE">19</attwidth><atprecis Sync="TRUE">0</atprecis><attscale Sync="TRUE">0</attscale></attr><attr><attrlabl Sync="TRUE">AGE_LESS_1</attrlabl><attalias Sync="TRUE">AGE_LESS_1</attalias><attrtype Sync="TRUE">Double</attrtype><attwidth Sync="TRUE">19</attwidth><atprecis Sync="TRUE">0</atprecis><attscale Sync="TRUE">0</attscale></attr><attr><attrlabl Sync="TRUE">AGE_65_PLU</attrlabl><attalias Sync="TRUE">AGE_65_PLU</attalias><attrtype Sync="TRUE">Double</attrtype><attwidth Sync="TRUE">19</attwidth><atprecis Sync="TRUE">0</atprecis><attscale Sync="TRUE">0</attscale></attr><attr><attrlabl Sync="TRUE">PCT_LESS_1</attrlabl><attalias Sync="TRUE">PCT_LESS_1</attalias><attrtype Sync="TRUE">Double</attrtype><attwidth Sync="TRUE">19</attwidth><atprecis Sync="TRUE">0</atprecis><attscale Sync="TRUE">0</attscale></attr><attr><attrlabl Sync="TRUE">PCT_65_PLU</attrlabl><attalias Sync="TRUE">PCT_65_PLU</attalias><attrtype Sync="TRUE">Double</attrtype><attwidth Sync="TRUE">19</attwidth><atprecis Sync="TRUE">0</atprecis><attscale Sync="TRUE">0</attscale></attr><attr><attrlabl>Families</attrlabl><attrdef>Total Number of Families</attrdef><attrdefs>US Census Table P35</attrdefs><attalias Sync="TRUE">FAMILIES</attalias><attrtype Sync="TRUE">Double</attrtype><attwidth Sync="TRUE">19</attwidth><atprecis Sync="TRUE">0</atprecis><attscale Sync="TRUE">0</attscale></attr><attr><attrlabl Sync="TRUE">MED_AGE_MA</attrlabl><attalias Sync="TRUE">MED_AGE_MA</attalias><attrtype Sync="TRUE">Double</attrtype><attwidth Sync="TRUE">19</attwidth><atprecis Sync="TRUE">0</atprecis><attscale Sync="TRUE">0</attscale></attr><attr><attrlabl Sync="TRUE">MED_AGE_FE</attrlabl><attalias Sync="TRUE">MED_AGE_FE</attalias><attrtype Sync="TRUE">Double</attrtype><attwidth Sync="TRUE">19</attwidth><atprecis Sync="TRUE">0</atprecis><attscale Sync="TRUE">0</attscale></attr><attr><attrlabl Sync="TRUE">AVG_HH_SIZ</attrlabl><attalias Sync="TRUE">AVG_HH_SIZ</attalias><attrtype Sync="TRUE">Double</attrtype><attwidth Sync="TRUE">19</attwidth><atprecis Sync="TRUE">0</atprecis><attscale Sync="TRUE">0</attscale></attr><attr><attrlabl Sync="TRUE">NUM_HOUSEH</attrlabl><attalias Sync="TRUE">NUM_HOUSEH</attalias><attrtype Sync="TRUE">Double</attrtype><attwidth Sync="TRUE">19</attwidth><atprecis Sync="TRUE">0</atprecis><attscale Sync="TRUE">0</attscale></attr><attr><attrlabl Sync="TRUE">ONE_PERSON</attrlabl><attalias Sync="TRUE">ONE_PERSON</attalias><attrtype Sync="TRUE">Double</attrtype><attwidth Sync="TRUE">19</attwidth><atprecis Sync="TRUE">0</atprecis><attscale Sync="TRUE">0</attscale></attr><attr><attrlabl Sync="TRUE">ONE_PERS_1</attrlabl><attalias Sync="TRUE">ONE_PERS_1</attalias><attrtype Sync="TRUE">Double</attrtype><attwidth Sync="TRUE">19</attwidth><atprecis Sync="TRUE">0</atprecis><attscale Sync="TRUE">0</attscale></attr><attr><attrlabl Sync="TRUE">ONE_PERS_2</attrlabl><attalias Sync="TRUE">ONE_PERS_2</attalias><attrtype Sync="TRUE">Double</attrtype><attwidth Sync="TRUE">19</attwidth><atprecis Sync="TRUE">0</atprecis><attscale Sync="TRUE">0</attscale></attr><attr><attrlabl Sync="TRUE">TWO_OR_M_1</attrlabl><attalias Sync="TRUE">TWO_OR_M_1</attalias><attrtype Sync="TRUE">Double</attrtype><attwidth Sync="TRUE">19</attwidth><atprecis Sync="TRUE">0</atprecis><attscale Sync="TRUE">0</attscale></attr><attr><attrlabl Sync="TRUE">FAMILY_HHL</attrlabl><attalias Sync="TRUE">FAMILY_HHL</attalias><attrtype Sync="TRUE">Double</attrtype><attwidth Sync="TRUE">19</attwidth><atprecis Sync="TRUE">0</atprecis><attscale Sync="TRUE">0</attscale></attr><attr><attrlabl Sync="TRUE">HUSB_WIFE_</attrlabl><attalias Sync="TRUE">HUSB_WIFE_</attalias><attrtype Sync="TRUE">Double</attrtype><attwidth Sync="TRUE">19</attwidth><atprecis Sync="TRUE">0</atprecis><attscale Sync="TRUE">0</attscale></attr><attr><attrlabl Sync="TRUE">HUSB_WIFE1</attrlabl><attalias Sync="TRUE">HUSB_WIFE1</attalias><attrtype Sync="TRUE">Double</attrtype><attwidth Sync="TRUE">19</attwidth><atprecis Sync="TRUE">0</atprecis><attscale Sync="TRUE">0</attscale></attr><attr><attrlabl Sync="TRUE">HUSB_WIF_1</attrlabl><attalias Sync="TRUE">HUSB_WIF_1</attalias><attrtype Sync="TRUE">Double</attrtype><attwidth Sync="TRUE">19</attwidth><atprecis Sync="TRUE">0</atprecis><attscale Sync="TRUE">0</attscale></attr><attr><attrlabl Sync="TRUE">OTHER_FAMI</attrlabl><attalias Sync="TRUE">OTHER_FAMI</attalias><attrtype Sync="TRUE">Double</attrtype><attwidth Sync="TRUE">19</attwidth><atprecis Sync="TRUE">0</atprecis><attscale Sync="TRUE">0</attscale></attr><attr><attrlabl Sync="TRUE">MALE_HHLDR</attrlabl><attalias Sync="TRUE">MALE_HHLDR</attalias><attrtype Sync="TRUE">Double</attrtype><attwidth Sync="TRUE">19</attwidth><atprecis Sync="TRUE">0</atprecis><attscale Sync="TRUE">0</attscale></attr><attr><attrlabl Sync="TRUE">MALE_HHL_1</attrlabl><attalias Sync="TRUE">MALE_HHL_1</attalias><attrtype Sync="TRUE">Double</attrtype><attwidth Sync="TRUE">19</attwidth><atprecis Sync="TRUE">0</atprecis><attscale Sync="TRUE">0</attscale></attr><attr><attrlabl Sync="TRUE">MALE_HHL_2</attrlabl><attalias Sync="TRUE">MALE_HHL_2</attalias><attrtype Sync="TRUE">Double</attrtype><attwidth Sync="TRUE">19</attwidth><atprecis Sync="TRUE">0</atprecis><attscale Sync="TRUE">0</attscale></attr><attr><attrlabl Sync="TRUE">FEMALE_HHL</attrlabl><attalias Sync="TRUE">FEMALE_HHL</attalias><attrtype Sync="TRUE">Double</attrtype><attwidth Sync="TRUE">19</attwidth><atprecis Sync="TRUE">0</atprecis><attscale Sync="TRUE">0</attscale></attr><attr><attrlabl Sync="TRUE">FEMALE_H_1</attrlabl><attalias Sync="TRUE">FEMALE_H_1</attalias><attrtype Sync="TRUE">Double</attrtype><attwidth Sync="TRUE">19</attwidth><atprecis Sync="TRUE">0</atprecis><attscale Sync="TRUE">0</attscale></attr><attr><attrlabl Sync="TRUE">FEMALE_H_2</attrlabl><attalias Sync="TRUE">FEMALE_H_2</attalias><attrtype Sync="TRUE">Double</attrtype><attwidth Sync="TRUE">19</attwidth><atprecis Sync="TRUE">0</atprecis><attscale Sync="TRUE">0</attscale></attr><attr><attrlabl Sync="TRUE">NON_FAMILY</attrlabl><attalias Sync="TRUE">NON_FAMILY</attalias><attrtype Sync="TRUE">Double</attrtype><attwidth Sync="TRUE">19</attwidth><atprecis Sync="TRUE">0</atprecis><attscale Sync="TRUE">0</attscale></attr><attr><attrlabl Sync="TRUE">NON_FAMI_1</attrlabl><attalias Sync="TRUE">NON_FAMI_1</attalias><attrtype Sync="TRUE">Double</attrtype><attwidth Sync="TRUE">19</attwidth><atprecis Sync="TRUE">0</atprecis><attscale Sync="TRUE">0</attscale></attr><attr><attrlabl Sync="TRUE">NON_FAMI_2</attrlabl><attalias Sync="TRUE">NON_FAMI_2</attalias><attrtype Sync="TRUE">Double</attrtype><attwidth Sync="TRUE">19</attwidth><atprecis Sync="TRUE">0</atprecis><attscale Sync="TRUE">0</attscale></attr><attr><attrlabl Sync="TRUE">HH_W_NONRE</attrlabl><attalias Sync="TRUE">HH_W_NONRE</attalias><attrtype Sync="TRUE">Double</attrtype><attwidth Sync="TRUE">19</attwidth><atprecis Sync="TRUE">0</atprecis><attscale Sync="TRUE">0</attscale></attr><attr><attrlabl Sync="TRUE">HH_NO_NONR</attrlabl><attalias Sync="TRUE">HH_NO_NONR</attalias><attrtype Sync="TRUE">Double</attrtype><attwidth Sync="TRUE">19</attwidth><atprecis Sync="TRUE">0</atprecis><attscale Sync="TRUE">0</attscale></attr><attr><attrlabl>Mexican</attrlabl><attrdef>Total Population of Hispanic Origin - Mexican</attrdef><attrdefs>US Census Table PCT11</attrdefs><attalias Sync="TRUE">MEXICAN</attalias><attrtype Sync="TRUE">Double</attrtype><attwidth Sync="TRUE">19</attwidth><atprecis Sync="TRUE">0</atprecis><attscale Sync="TRUE">0</attscale></attr><attr><attrlabl Sync="TRUE">AVG_FAM_SI</attrlabl><attalias Sync="TRUE">AVG_FAM_SI</attalias><attrtype Sync="TRUE">Double</attrtype><attwidth Sync="TRUE">19</attwidth><atprecis Sync="TRUE">0</atprecis><attscale Sync="TRUE">0</attscale></attr><attr><attrlabl Sync="TRUE">POP_GROUP_</attrlabl><attalias Sync="TRUE">POP_GROUP_</attalias><attrtype Sync="TRUE">Double</attrtype><attwidth Sync="TRUE">19</attwidth><atprecis Sync="TRUE">0</atprecis><attscale Sync="TRUE">0</attscale></attr><attr><attrlabl Sync="TRUE">GQ_INSTITU</attrlabl><attalias Sync="TRUE">GQ_INSTITU</attalias><attrtype Sync="TRUE">Double</attrtype><attwidth Sync="TRUE">19</attwidth><atprecis Sync="TRUE">0</atprecis><attscale Sync="TRUE">0</attscale></attr><attr><attrlabl Sync="TRUE">GQ_CORRECT</attrlabl><attalias Sync="TRUE">GQ_CORRECT</attalias><attrtype Sync="TRUE">Double</attrtype><attwidth Sync="TRUE">19</attwidth><atprecis Sync="TRUE">0</atprecis><attscale Sync="TRUE">0</attscale></attr><attr><attrlabl Sync="TRUE">GQ_JUVENIL</attrlabl><attalias Sync="TRUE">GQ_JUVENIL</attalias><attrtype Sync="TRUE">Double</attrtype><attwidth Sync="TRUE">19</attwidth><atprecis Sync="TRUE">0</atprecis><attscale Sync="TRUE">0</attscale></attr><attr><attrlabl Sync="TRUE">GQ_NURSING</attrlabl><attalias Sync="TRUE">GQ_NURSING</attalias><attrtype Sync="TRUE">Double</attrtype><attwidth Sync="TRUE">19</attwidth><atprecis Sync="TRUE">0</atprecis><attscale Sync="TRUE">0</attscale></attr><attr><attrlabl Sync="TRUE">GQ_OTHER_I</attrlabl><attalias Sync="TRUE">GQ_OTHER_I</attalias><attrtype Sync="TRUE">Double</attrtype><attwidth Sync="TRUE">19</attwidth><atprecis Sync="TRUE">0</atprecis><attscale Sync="TRUE">0</attscale></attr><attr><attrlabl Sync="TRUE">GQ_NONINST</attrlabl><attalias Sync="TRUE">GQ_NONINST</attalias><attrtype Sync="TRUE">Double</attrtype><attwidth Sync="TRUE">19</attwidth><atprecis Sync="TRUE">0</atprecis><attscale Sync="TRUE">0</attscale></attr><attr><attrlabl Sync="TRUE">GQ_COLLEGE</attrlabl><attalias Sync="TRUE">GQ_COLLEGE</attalias><attrtype Sync="TRUE">Double</attrtype><attwidth Sync="TRUE">19</attwidth><atprecis Sync="TRUE">0</atprecis><attscale Sync="TRUE">0</attscale></attr><attr><attrlabl Sync="TRUE">GQ_MILITAR</attrlabl><attalias Sync="TRUE">GQ_MILITAR</attalias><attrtype Sync="TRUE">Double</attrtype><attwidth Sync="TRUE">19</attwidth><atprecis Sync="TRUE">0</atprecis><attscale Sync="TRUE">0</attscale></attr><attr><attrlabl Sync="TRUE">GQ_OTHER_N</attrlabl><attalias Sync="TRUE">GQ_OTHER_N</attalias><attrtype Sync="TRUE">Double</attrtype><attwidth Sync="TRUE">19</attwidth><atprecis Sync="TRUE">0</atprecis><attscale Sync="TRUE">0</attscale></attr><attr><attrlabl Sync="TRUE">NONHISPANI</attrlabl><attalias Sync="TRUE">NONHISPANI</attalias><attrtype Sync="TRUE">Double</attrtype><attwidth Sync="TRUE">19</attwidth><atprecis Sync="TRUE">0</atprecis><attscale Sync="TRUE">0</attscale></attr><attr><attrlabl>Cuban</attrlabl><attrdef>Total Population of Hispanic Origin - Cuban</attrdef><attrdefs>US Census Table PCT11</attrdefs><attalias Sync="TRUE">CUBAN</attalias><attrtype Sync="TRUE">Double</attrtype><attwidth Sync="TRUE">19</attwidth><atprecis Sync="TRUE">0</atprecis><attscale Sync="TRUE">0</attscale></attr><attr><attrlabl Sync="TRUE">PUERTO_RIC</attrlabl><attalias Sync="TRUE">PUERTO_RIC</attalias><attrtype Sync="TRUE">Double</attrtype><attwidth Sync="TRUE">19</attwidth><atprecis Sync="TRUE">0</atprecis><attscale Sync="TRUE">0</attscale></attr><attr><attrlabl>Dominican</attrlabl><attrdef>Total Population of Hispanic Origin - Dominican</attrdef><attrdefs>US Census Table PCT11</attrdefs><attalias Sync="TRUE">DOMINICAN</attalias><attrtype Sync="TRUE">Double</attrtype><attwidth Sync="TRUE">19</attwidth><atprecis Sync="TRUE">0</atprecis><attscale Sync="TRUE">0</attscale></attr><attr><attrlabl>Vacant_HU</attrlabl><attrdef>Total Number of Vacant Housing Units</attrdef><attrdefs>US Census Table H3</attrdefs><attalias Sync="TRUE">VACANT_HU</attalias><attrtype Sync="TRUE">Double</attrtype><attwidth Sync="TRUE">19</attwidth><atprecis Sync="TRUE">0</atprecis><attscale Sync="TRUE">0</attscale></attr><attr><attrlabl Sync="TRUE">CENTRAL_AM</attrlabl><attalias Sync="TRUE">CENTRAL_AM</attalias><attrtype Sync="TRUE">Double</attrtype><attwidth Sync="TRUE">19</attwidth><atprecis Sync="TRUE">0</atprecis><attscale Sync="TRUE">0</attscale></attr><attr><attrlabl Sync="TRUE">SOUTH_AMER</attrlabl><attalias Sync="TRUE">SOUTH_AMER</attalias><attrtype Sync="TRUE">Double</attrtype><attwidth Sync="TRUE">19</attwidth><atprecis Sync="TRUE">0</atprecis><attscale Sync="TRUE">0</attscale></attr><attr><attrlabl Sync="TRUE">OTHER_HISP</attrlabl><attalias Sync="TRUE">OTHER_HISP</attalias><attrtype Sync="TRUE">Double</attrtype><attwidth Sync="TRUE">19</attwidth><atprecis Sync="TRUE">0</atprecis><attscale Sync="TRUE">0</attscale></attr><attr><attrlabl Sync="TRUE">HOUSING_UN</attrlabl><attalias Sync="TRUE">HOUSING_UN</attalias><attrtype Sync="TRUE">Double</attrtype><attwidth Sync="TRUE">19</attwidth><atprecis Sync="TRUE">0</atprecis><attscale Sync="TRUE">0</attscale></attr><attr><attrlabl Sync="TRUE">OCCUPIED_H</attrlabl><attalias Sync="TRUE">OCCUPIED_H</attalias><attrtype Sync="TRUE">Double</attrtype><attwidth Sync="TRUE">19</attwidth><atprecis Sync="TRUE">0</atprecis><attscale Sync="TRUE">0</attscale></attr><attr><attrlabl>Rented</attrlabl><attrdef>Total number of rented housing units</attrdef><attrdefs>US Census Table H11</attrdefs><attalias Sync="TRUE">RENTED</attalias><attrtype Sync="TRUE">Double</attrtype><attwidth Sync="TRUE">19</attwidth><atprecis Sync="TRUE">0</atprecis><attscale Sync="TRUE">0</attscale></attr><attr><attrlabl Sync="TRUE">OWNED_W_MO</attrlabl><attalias Sync="TRUE">OWNED_W_MO</attalias><attrtype Sync="TRUE">Double</attrtype><attwidth Sync="TRUE">19</attwidth><atprecis Sync="TRUE">0</atprecis><attscale Sync="TRUE">0</attscale></attr><attr><attrlabl Sync="TRUE">OWNED_FREE</attrlabl><attalias Sync="TRUE">OWNED_FREE</attalias><attrtype Sync="TRUE">Double</attrtype><attwidth Sync="TRUE">19</attwidth><atprecis Sync="TRUE">0</atprecis><attscale Sync="TRUE">0</attscale></attr><attr><attrlabl>HU_Owned</attrlabl><attrdef>Number of Owner Occupied Housing Units</attrdef><attrdefs>US Census Table H17</attrdefs><attalias Sync="TRUE">HU_OWNED</attalias><attrtype Sync="TRUE">Double</attrtype><attwidth Sync="TRUE">19</attwidth><atprecis Sync="TRUE">0</atprecis><attscale Sync="TRUE">0</attscale></attr><attr><attrlabl Sync="TRUE">VACANT_FOR</attrlabl><attalias Sync="TRUE">VACANT_FOR</attalias><attrtype Sync="TRUE">Double</attrtype><attwidth Sync="TRUE">19</attwidth><atprecis Sync="TRUE">0</atprecis><attscale Sync="TRUE">0</attscale></attr><attr><attrlabl Sync="TRUE">VACANT_REN</attrlabl><attalias Sync="TRUE">VACANT_REN</attalias><attrtype Sync="TRUE">Double</attrtype><attwidth Sync="TRUE">19</attwidth><atprecis Sync="TRUE">0</atprecis><attscale Sync="TRUE">0</attscale></attr><attr><attrlabl Sync="TRUE">VACANT_F_1</attrlabl><attalias Sync="TRUE">VACANT_F_1</attalias><attrtype Sync="TRUE">Double</attrtype><attwidth Sync="TRUE">19</attwidth><atprecis Sync="TRUE">0</atprecis><attscale Sync="TRUE">0</attscale></attr><attr><attrlabl Sync="TRUE">VACANT_SOL</attrlabl><attalias Sync="TRUE">VACANT_SOL</attalias><attrtype Sync="TRUE">Double</attrtype><attwidth Sync="TRUE">19</attwidth><atprecis Sync="TRUE">0</atprecis><attscale Sync="TRUE">0</attscale></attr><attr><attrlabl Sync="TRUE">VACANT_SEA</attrlabl><attalias Sync="TRUE">VACANT_SEA</attalias><attrtype Sync="TRUE">Double</attrtype><attwidth Sync="TRUE">19</attwidth><atprecis Sync="TRUE">0</atprecis><attscale Sync="TRUE">0</attscale></attr><attr><attrlabl Sync="TRUE">VACANT_MIG</attrlabl><attalias Sync="TRUE">VACANT_MIG</attalias><attrtype Sync="TRUE">Double</attrtype><attwidth Sync="TRUE">19</attwidth><atprecis Sync="TRUE">0</atprecis><attscale Sync="TRUE">0</attscale></attr><attr><attrlabl Sync="TRUE">VACANT_OTH</attrlabl><attalias Sync="TRUE">VACANT_OTH</attalias><attrtype Sync="TRUE">Double</attrtype><attwidth Sync="TRUE">19</attwidth><atprecis Sync="TRUE">0</atprecis><attscale Sync="TRUE">0</attscale></attr><attr><attrlabl Sync="TRUE">AVG_HH_S_1</attrlabl><attalias Sync="TRUE">AVG_HH_S_1</attalias><attrtype Sync="TRUE">Double</attrtype><attwidth Sync="TRUE">19</attwidth><atprecis Sync="TRUE">0</atprecis><attscale Sync="TRUE">0</attscale></attr><attr><attrlabl Sync="TRUE">AVG_HH_S_2</attrlabl><attalias Sync="TRUE">AVG_HH_S_2</attalias><attrtype Sync="TRUE">Double</attrtype><attwidth Sync="TRUE">19</attwidth><atprecis Sync="TRUE">0</atprecis><attscale Sync="TRUE">0</attscale></attr><attr><attrlabl Sync="TRUE">AVG_HH_S_3</attrlabl><attalias Sync="TRUE">AVG_HH_S_3</attalias><attrtype Sync="TRUE">Double</attrtype><attwidth Sync="TRUE">19</attwidth><atprecis Sync="TRUE">0</atprecis><attscale Sync="TRUE">0</attscale></attr><attr><attrlabl>HU_Rented</attrlabl><attrdef>Number of Rented Housing Units</attrdef><attrdefs>US Census Table H17</attrdefs><attalias Sync="TRUE">HU_RENTED</attalias><attrtype Sync="TRUE">Double</attrtype><attwidth Sync="TRUE">19</attwidth><atprecis Sync="TRUE">0</atprecis><attscale Sync="TRUE">0</attscale></attr><attr><attrlabl Sync="TRUE">OWNED_AGE_</attrlabl><attalias Sync="TRUE">OWNED_AGE_</attalias><attrtype Sync="TRUE">Double</attrtype><attwidth Sync="TRUE">19</attwidth><atprecis Sync="TRUE">0</atprecis><attscale Sync="TRUE">0</attscale></attr><attr><attrlabl Sync="TRUE">OWNED_AGE1</attrlabl><attalias Sync="TRUE">OWNED_AGE1</attalias><attrtype Sync="TRUE">Double</attrtype><attwidth Sync="TRUE">19</attwidth><atprecis Sync="TRUE">0</atprecis><attscale Sync="TRUE">0</attscale></attr><attr><attrlabl Sync="TRUE">OWNED_AG_1</attrlabl><attalias Sync="TRUE">OWNED_AG_1</attalias><attrtype Sync="TRUE">Double</attrtype><attwidth Sync="TRUE">19</attwidth><atprecis Sync="TRUE">0</atprecis><attscale Sync="TRUE">0</attscale></attr><attr><attrlabl Sync="TRUE">OWNED_AG_2</attrlabl><attalias Sync="TRUE">OWNED_AG_2</attalias><attrtype Sync="TRUE">Double</attrtype><attwidth Sync="TRUE">19</attwidth><atprecis Sync="TRUE">0</atprecis><attscale Sync="TRUE">0</attscale></attr><attr><attrlabl Sync="TRUE">OWNED_AG_3</attrlabl><attalias Sync="TRUE">OWNED_AG_3</attalias><attrtype Sync="TRUE">Double</attrtype><attwidth Sync="TRUE">19</attwidth><atprecis Sync="TRUE">0</atprecis><attscale Sync="TRUE">0</attscale></attr><attr><attrlabl Sync="TRUE">OWNED_AG_4</attrlabl><attalias Sync="TRUE">OWNED_AG_4</attalias><attrtype Sync="TRUE">Double</attrtype><attwidth Sync="TRUE">19</attwidth><atprecis Sync="TRUE">0</atprecis><attscale Sync="TRUE">0</attscale></attr><attr><attrlabl Sync="TRUE">OWNED_AG_5</attrlabl><attalias Sync="TRUE">OWNED_AG_5</attalias><attrtype Sync="TRUE">Double</attrtype><attwidth Sync="TRUE">19</attwidth><atprecis Sync="TRUE">0</atprecis><attscale Sync="TRUE">0</attscale></attr><attr><attrlabl Sync="TRUE">OWNED_AG_6</attrlabl><attalias Sync="TRUE">OWNED_AG_6</attalias><attrtype Sync="TRUE">Double</attrtype><attwidth Sync="TRUE">19</attwidth><atprecis Sync="TRUE">0</atprecis><attscale Sync="TRUE">0</attscale></attr><attr><attrlabl Sync="TRUE">OWNED_AG_7</attrlabl><attalias Sync="TRUE">OWNED_AG_7</attalias><attrtype Sync="TRUE">Double</attrtype><attwidth Sync="TRUE">19</attwidth><atprecis Sync="TRUE">0</atprecis><attscale Sync="TRUE">0</attscale></attr><attr><attrlabl>Tract_Name</attrlabl><attrdef>Descriptive Tract Name (string)</attrdef><attrdefs>US Census</attrdefs><attalias Sync="TRUE">TRACT_NAME</attalias><attrtype Sync="TRUE">String</attrtype><attwidth Sync="TRUE">254</attwidth><atprecis Sync="TRUE">0</atprecis><attscale Sync="TRUE">0</attscale></attr><attr><attrlabl Sync="TRUE">RENTED_AGE</attrlabl><attalias Sync="TRUE">RENTED_AGE</attalias><attrtype Sync="TRUE">Double</attrtype><attwidth Sync="TRUE">19</attwidth><atprecis Sync="TRUE">0</atprecis><attscale Sync="TRUE">0</attscale></attr><attr><attrlabl Sync="TRUE">RENTED_A_1</attrlabl><attalias Sync="TRUE">RENTED_A_1</attalias><attrtype Sync="TRUE">Double</attrtype><attwidth Sync="TRUE">19</attwidth><atprecis Sync="TRUE">0</atprecis><attscale Sync="TRUE">0</attscale></attr><attr><attrlabl Sync="TRUE">RENTED_A_2</attrlabl><attalias Sync="TRUE">RENTED_A_2</attalias><attrtype Sync="TRUE">Double</attrtype><attwidth Sync="TRUE">19</attwidth><atprecis Sync="TRUE">0</atprecis><attscale Sync="TRUE">0</attscale></attr><attr><attrlabl Sync="TRUE">RENTED_A_3</attrlabl><attalias Sync="TRUE">RENTED_A_3</attalias><attrtype Sync="TRUE">Double</attrtype><attwidth Sync="TRUE">19</attwidth><atprecis Sync="TRUE">0</atprecis><attscale Sync="TRUE">0</attscale></attr><attr><attrlabl Sync="TRUE">RENTED_A_4</attrlabl><attalias Sync="TRUE">RENTED_A_4</attalias><attrtype Sync="TRUE">Double</attrtype><attwidth Sync="TRUE">19</attwidth><atprecis Sync="TRUE">0</atprecis><attscale Sync="TRUE">0</attscale></attr><attr><attrlabl Sync="TRUE">RENTED_A_5</attrlabl><attalias Sync="TRUE">RENTED_A_5</attalias><attrtype Sync="TRUE">Double</attrtype><attwidth Sync="TRUE">19</attwidth><atprecis Sync="TRUE">0</atprecis><attscale Sync="TRUE">0</attscale></attr><attr><attrlabl Sync="TRUE">RENTED_A_6</attrlabl><attalias Sync="TRUE">RENTED_A_6</attalias><attrtype Sync="TRUE">Double</attrtype><attwidth Sync="TRUE">19</attwidth><atprecis Sync="TRUE">0</atprecis><attscale Sync="TRUE">0</attscale></attr><attr><attrlabl Sync="TRUE">RENTED_A_7</attrlabl><attalias Sync="TRUE">RENTED_A_7</attalias><attrtype Sync="TRUE">Double</attrtype><attwidth Sync="TRUE">19</attwidth><atprecis Sync="TRUE">0</atprecis><attscale Sync="TRUE">0</attscale></attr><attr><attrlabl Sync="TRUE">RENTED_A_8</attrlabl><attalias Sync="TRUE">RENTED_A_8</attalias><attrtype Sync="TRUE">Double</attrtype><attwidth Sync="TRUE">19</attwidth><atprecis Sync="TRUE">0</atprecis><attscale Sync="TRUE">0</attscale></attr><attr><attrlabl Sync="TRUE">SHAPE_Leng</attrlabl><attalias Sync="TRUE">SHAPE_Leng</attalias><attrtype Sync="TRUE">Double</attrtype><attwidth Sync="TRUE">19</attwidth><atprecis Sync="TRUE">0</atprecis><attscale Sync="TRUE">0</attscale></attr><attr><attrlabl>SHAPE_Area</attrlabl><attrdef>Area of feature in internal units squared.</attrdef><attrdefs>ESRI</attrdefs><attrdomv><udom>Positive real numbers that are automatically generated.</udom></attrdomv><attalias Sync="TRUE">SHAPE_Area</attalias><attrtype Sync="TRUE">Double</attrtype><attwidth Sync="TRUE">19</attwidth><atprecis Sync="TRUE">0</atprecis><attscale Sync="TRUE">0</attscale></attr></detailed></eainfo><distinfo><distrib><cntinfo><cntorgp><cntorg>City and County of Denver, Technology Services / GIS Data</cntorg></cntorgp><cntaddr><addrtype>unknown</addrtype><address>201 W Colfax Ave Dept 301</address><city>Denver</city><state>CO</state><postal>80202</postal><country>USA</country></cntaddr><cntfax>720-913-5237</cntfax><cntemail>denvergis@denvergov.org</cntemail><hours>M-F 8:00am - 4:00pm (MT)</hours></cntinfo></distrib><distliab>See access and use constraints information.</distliab><stdorder><fees>This information is available at a time and material cost from the City and County of Denver. </fees><ordering>Digital products can be downloaded for free using the FTP site or can be requested by filing out the GIS Data Request Form and faxing it to (720) 913-5237, ATTN: Data Sales. All digital orders will be confirmed and processed by DenverGIS.  Use our online request form and acknowledge the GIS ordinance to download publically available GIS digital data. Please reference the following link - http://www.denvergov.org/gis and click on Products and Services, then click on Data Sales.; Technical Prerequisites: It is recommended to use DSL or T1 connections to download the information. If dial-up is used, please expect longer download times or incomplete data downloads.</ordering><turnarnd>10 working days.</turnarnd></stdorder></distinfo><metainfo><metd>20130424</metd><metstdn>FGDC Content Standard for Digital Geospatial Metadata</metstdn><metstdv>FGDC-STD-001-1998</metstdv><mettc>local time</mettc></metainfo><dataIdInfo><envirDesc Sync="TRUE">Microsoft Windows Server 2003 R2 Version 5.2 (Build 3790) Service Pack 2; ESRI ArcGIS 10.0.5.4400</envirDesc><dataLang><languageCode value="en" Sync="TRUE"></languageCode><countryCode value="US" Sync="TRUE"></countryCode></dataLang><idCitation><resTitle Sync="TRUE">census_tracts_2010</resTitle><presForm><PresFormCd value="005" Sync="TRUE"></PresFormCd></presForm></idCitation><spatRpType><SpatRepTypCd value="001" Sync="TRUE"></SpatRepTypCd></spatRpType></dataIdInfo><mdLang><languageCode value="en" Sync="TRUE"></languageCode><countryCode value="US" Sync="TRUE"></countryCode></mdLang><Esri><DataProperties><itemProps><itemName Sync="TRUE">census_tracts_2010</itemName><imsContentType Sync="TRUE">002</imsContentType><itemSize Sync="TRUE">0.000</itemSize><itemLocation><linkage Sync="TRUE">file://\\GOVGISJOBS02\F\Jobs\PublishOpenDataset\Temp\census_tracts_2010\shape\census_tracts_2010\census_tracts_2010.shp</linkage><protocol Sync="TRUE">Local Area Network</protocol></itemLocation></itemProps><coordRef><type Sync="TRUE">Geographic</type><geogcsn Sync="TRUE">GCS_WGS_1984</geogcsn><csUnits Sync="TRUE">Angular Unit: Degree (0.017453)</csUnits><peXml Sync="TRUE">&lt;GeographicCoordinateSystem xsi:type='typens:GeographicCoordinateSystem' xmlns:xsi='http://www.w3.org/2001/XMLSchema-instance' xmlns:xs='http://www.w3.org/2001/XMLSchema' xmlns:typens='http://www.esri.com/schemas/ArcGIS/10.0'&gt;&lt;WKT&gt;GEOGCS[&amp;quot;GCS_WGS_1984&amp;quot;,DATUM[&amp;quot;D_WGS_1984&amp;quot;,SPHEROID[&amp;quot;WGS_1984&amp;quot;,6378137.0,298.257223563]],PRIMEM[&amp;quot;Greenwich&amp;quot;,0.0],UNIT[&amp;quot;Degree&amp;quot;,0.0174532925199433]]&lt;/WKT&gt;&lt;XOrigin&gt;-399.99999999999989&lt;/XOrigin&gt;&lt;YOrigin&gt;-399.99999999999989&lt;/YOrigin&gt;&lt;XYScale&gt;11258999068426.24&lt;/XYScale&gt;&lt;ZOrigin&gt;-100000&lt;/ZOrigin&gt;&lt;ZScale&gt;10000&lt;/ZScale&gt;&lt;MOrigin&gt;-100000&lt;/MOrigin&gt;&lt;MScale&gt;10000&lt;/MScale&gt;&lt;XYTolerance&gt;8.9831528411952133e-009&lt;/XYTolerance&gt;&lt;ZTolerance&gt;0.001&lt;/ZTolerance&gt;&lt;MTolerance&gt;0.001&lt;/MTolerance&gt;&lt;HighPrecision&gt;true&lt;/HighPrecision&gt;&lt;LeftLongitude&gt;-180&lt;/LeftLongitude&gt;&lt;WKID&gt;4326&lt;/WKID&gt;&lt;/GeographicCoordinateSystem&gt;</peXml></coordRef><lineage><Process ToolSource="E:\ArcGIS\Desktop10.0\ArcToolbox\Toolboxes\Data Management Tools.tbx\CopyFeatures" Date="20130424" Time="202849">CopyFeatures ..\Temp\census_tracts_2010\gdb\census_tracts_2010.gdb\census_tracts_2010 ..\Temp\census_tracts_2010\shape\census_tracts_2010\census_tracts_2010.shp # 0 0 0</Process></lineage></DataProperties><SyncDate>20130424</SyncDate><SyncTime>20284900</SyncTime><ModDate>20130424</ModDate><ModTime>20284900</ModTime></Esri><distInfo><distFormat><formatName Sync="TRUE">Shapefile</formatName></distFormat><distTranOps><transSize Sync="TRUE">0.000</transSize></distTranOps></distInfo><mdHrLv><ScopeCd value="005" Sync="TRUE"></ScopeCd></mdHrLv><mdHrLvName Sync="TRUE">dataset</mdHrLvName><refSysInfo><RefSystem><refSysID><identCode code="0" Sync="TRUE"></identCode></refSysID></RefSystem></refSysInfo><spatRepInfo><VectSpatRep><geometObjs Name="census_tracts_2010"><geoObjTyp><GeoObjTypCd value="002" Sync="TRUE"></GeoObjTypCd></geoObjTyp><geoObjCnt Sync="TRUE">0</geoObjCnt></geometObjs><topLvl><TopoLevCd value="001" Sync="TRUE"></TopoLevCd></topLvl></VectSpatRep></spatRepInfo><mdDateSt Sync="TRUE">20130424</mdDateSt></metadata>
